,Volume,Open,High,Low,Close
0,26257096,156.6,158.57,156.07,157.48
1,40804273,159.9,160.0,154.63,155.32
2,26131530,159.26,161.27,159.11,161.06
3,36205896,158.6,161.83,158.27,160.08
4,21870321,157.06,158.92,156.67,158.81
5,20559852,156.07,157.4,155.69,156.39
6,27097296,157.05,157.21,155.02,155.57
7,69936800,159.28,159.75,156.16,157.14
8,35368645,149.1,150.22,148.41,150.05
9,19845920,149.9,150.33,148.13,148.73
10,17213653,149.89,150.23,149.19,149.5
11,32476337,153.75,153.99,147.3,150.56
12,15780951,153.35,153.93,153.06,153.46
13,18853932,151.8,153.84,151.8,152.74
14,21493160,150.58,152.44,149.9,152.09
15,26252630,149.99,150.44,148.88,150.27
16,17243748,151.5,151.74,150.19,150.34
17,20922969,150.48,151.42,149.95,151.02
18,17868792,149.2,150.13,148.67,150.08
19,23793456,148.82,150.9,148.57,149.56
20,20132061,147.97,149.33,147.33,149.04
21,25199373,145.5,148.49,145.44,147.77
22,24884478,145.87,146.18,144.82,145.74
23,19781836,144.73,145.85,144.38,145.53
24,21090636,144.11,145.95,143.37,145.06
25,19201712,142.9,144.75,142.9,144.18
26,24128782,143.02,143.5,142.41,142.73
27,21569557,143.69,144.79,142.72,144.09
28,14277848,144.88,145.3,143.1,143.5
29,23024107,144.45,144.96,143.78,144.02
30,31499368,144.71,145.13,142.28,143.68
31,22082432,144.49,146.11,143.16,145.83
32,24761891,145.01,146.16,143.62,143.73
33,25692361,147.17,148.28,145.38,145.82
34,35439389,145.13,147.16,145.11,146.28
35,19106294,145.77,146.7,145.12,145.63
36,21265751,145.52,146.07,144.61,145.87
37,24900073,146.87,146.87,144.94,145.01
38,32541404,143.66,146.74,143.66,146.34
39,50361093,143.78,144.5,142.2,142.27
40,32165373,143.32,144.48,142.21,144.29
41,31531232,147.5,147.5,143.84,145.16
42,34165445,147.16,147.45,145.15,146.59
43,72307330,145.74,146.09,142.51,145.42
44,64882657,155.19,155.19,146.02,148.98
45,21250798,155.25,155.54,154.4,154.99
46,21069647,155.02,155.98,154.48,155.37
47,26624926,153.9,155.81,153.78,154.45
48,25331662,154.34,154.45,153.46,153.93
49,27770715,153.58,155.45,152.89,155.45
50,16404088,153.17,153.33,152.22,153.18
51,24451164,153.97,154.17,152.38,152.76
52,20126851,153.42,154.43,153.33,153.67
53,21927637,154.0,154.24,153.31,153.61
54,19235598,153.73,154.35,153.03,153.87
55,19219154,153.84,154.17,152.67,153.34
56,19918871,154.9,154.9,153.31,153.8
57,22966437,154.0,154.58,152.91,153.99
58,26960788,153.38,153.98,152.63,153.06
59,33568215,151.27,153.34,151.13,152.54
60,50767678,153.6,154.57,149.71,150.25
61,20048478,155.94,156.06,154.72,155.47
62,26009719,156.01,156.65,155.05,155.7
63,32527017,154.7,156.42,154.67,156.1
64,27255058,152.45,154.07,152.31,153.95
65,25805692,153.63,153.94,152.11,153.26
66,39130363,153.87,154.88,153.45,153.99
67,48752413,149.03,153.7,149.03,153.01
68,27327725,146.76,148.98,146.76,148.96
69,23371872,146.52,147.14,145.81,146.53
70,45697034,145.59,147.49,144.27,147.06
71,45352194,147.54,148.09,146.84,147.51
72,33602943,145.1,147.2,144.96,146.58
73,20860358,144.09,144.3,143.27,143.65
74,14246347,143.92,144.16,143.31,143.79
75,20041241,144.47,144.6,143.38,143.68
76,18871501,143.91,144.9,143.87,144.53
77,17134333,143.5,143.95,143.18,143.64
78,17320928,142.44,142.68,141.85,142.27
79,23319562,141.22,142.92,141.16,142.44
80,17328375,141.88,142.0,140.45,140.68
81,14697544,141.41,142.04,141.11,141.2
82,16582094,141.48,141.88,140.87,141.83
83,17822880,141.91,142.38,141.05,141.05
84,20350000,141.6,142.15,141.01,141.8
85,30379376,142.94,143.35,140.06,141.63
86,18933397,143.6,143.88,142.9,143.17
87,16672198,143.73,144.18,143.27,143.34
88,21149034,144.29,144.52,143.45,143.66
89,27717854,144.22,145.46,143.81,144.02
90,19891354,143.25,144.89,143.17,144.77
91,19985714,143.71,144.12,143.05,143.7
92,19661651,143.72,144.27,143.01,143.66
93,21207252,144.19,144.5,143.5,143.93
94,29189955,143.68,144.49,143.19,144.12
95,33374805,140.91,144.04,140.62,143.8
96,23575094,139.39,141.22,138.62,140.88
97,22395563,141.5,141.74,140.35,140.64
98,20346301,141.26,141.58,140.61,140.92
99,25860165,139.84,141.6,139.76,141.42
100,39529912,142.11,142.8,139.73,139.84
101,21542038,140.4,141.5,140.23,141.46
102,43884952,141.0,141.0,139.89,139.99
103,19231998,140.72,141.02,140.26,140.69
104,25691774,139.41,140.75,139.02,140.46
105,15309065,139.3,139.65,138.84,138.99
106,17421717,138.85,139.43,138.82,139.2
107,19612801,139.25,139.36,138.64,139.14
108,22155904,138.74,138.79,137.05,138.68
109,18707236,138.95,139.8,138.82,139.0
110,17446297,139.06,139.98,138.79,139.52
111,21750044,139.36,139.77,138.6,139.34
112,21571121,138.78,139.83,138.59,139.78
113,26210984,140.0,140.28,138.76,138.96
114,36414585,137.89,140.15,137.6,139.79
115,23482860,137.08,137.44,136.7,136.99
116,20257426,137.14,137.44,136.28,136.93
117,21776585,135.91,136.66,135.28,136.66
118,20788186,137.38,137.48,136.3,136.53
119,20836932,136.43,137.12,136.11,137.11
120,24507156,136.23,136.75,135.98,136.7
121,22198197,135.1,135.83,135.1,135.72
122,22584555,135.67,135.9,134.84,135.34
123,35623100,135.52,136.27,134.62,135.51
124,33226223,133.47,135.09,133.25,135.02
125,23035421,133.08,133.82,132.75,133.29
126,20065458,132.46,132.94,132.05,132.12
127,28349859,131.65,132.44,131.12,132.42
128,23004072,131.35,132.22,131.22,132.04
129,38183841,130.54,132.09,130.45,131.53
130,26845924,129.13,130.5,128.9,130.29
131,24507301,128.31,129.19,128.16,129.08
132,33710411,127.98,129.39,127.78,128.53
133,111985040,127.03,130.49,127.01,128.75
134,49200993,121.15,121.39,120.62,121.35
135,30377503,120.93,121.63,120.66,121.63
136,20562944,122.14,122.35,121.6,121.95
137,26337576,121.67,122.44,121.6,121.94
138,32586673,120.42,122.1,120.28,121.88
139,23211038,119.55,120.1,119.5,119.97
140,22050218,120.0,120.81,119.77,120.08
141,32597892,120.45,120.45,119.73,120.0
142,25597291,119.4,120.09,119.37,119.78
143,23712961,120.0,120.5,119.71,119.99
144,34439843,118.34,120.24,118.22,120.0
145,26111948,119.11,119.62,118.81,119.04
146,27086220,118.9,119.3,118.21,119.25
147,27588593,118.74,119.93,118.6,119.75
148,24462051,118.77,119.38,118.3,119.11
149,33561948,117.95,119.43,117.94,118.99
150,31751900,116.78,118.16,116.47,117.91
151,22193587,115.92,116.86,115.81,116.61
152,21118116,115.85,116.51,115.75,116.02
153,28781865,115.8,116.33,114.76,116.15
154,30586265,116.65,117.2,115.43,115.82
155,15039519,116.45,117.11,116.4,116.73
156,20905892,117.52,118.02,116.2,116.76
157,18296855,116.52,117.8,116.49,117.26
158,14249484,115.59,116.52,115.59,116.52
159,26085854,116.35,116.51,115.64,116.29
160,23783165,116.8,117.4,116.78,117.06
161,21424965,116.74,117.5,116.68,116.95
162,27779423,115.8,117.38,115.75,116.64
163,44351134,116.47,116.5,115.64,115.97
164,46524544,115.38,116.73,115.23,115.82
165,34031834,115.04,116.2,114.98,115.19
166,43733811,113.84,115.92,113.75,115.19
167,26374377,113.29,115.0,112.49,113.3
168,34402627,112.31,114.7,112.31,113.95
169,27068316,110.86,112.43,110.6,112.12
170,29998719,109.26,111.19,109.16,111.03
171,26195462,109.5,110.36,109.19,109.95
172,34324540,110.0,110.03,108.25,109.11
173,26527997,109.17,110.09,108.85,109.9
174,37086862,110.36,110.94,109.03,109.49
175,36162258,111.6,112.2,110.27,110.52
176,28528750,110.78,112.03,110.07,111.46
177,27193983,111.43,112.46,111.39,111.57
178,11475922,111.47,111.87,110.95,111.79
179,27426394,111.36,111.51,110.33,111.23
180,25965534,111.95,112.42,111.4,111.8
181,29264571,110.12,111.99,110.01,111.73
182,28428917,109.72,110.54,109.66,110.06
183,26964598,109.81,110.35,108.83,109.95
184,58840522,106.7,110.23,106.6,109.99
185,32264510,106.57,107.68,106.16,107.11
186,51175504,107.71,107.81,104.08,105.71
187,34143898,107.12,108.87,106.55,108.43
188,57134541,111.09,111.09,105.83,107.79
189,59176361,109.88,111.32,108.05,110.88
190,24254179,110.31,111.72,109.7,111.06
191,32560000,110.08,110.51,109.46,110.41
192,30836997,108.53,110.25,108.11,108.84
193,26932602,110.98,111.46,109.55,109.83
194,28331709,111.4,112.35,111.23,111.59
195,43825812,113.46,113.77,110.53,111.49
196,26419398,113.65,114.23,113.2,113.54
197,37861662,113.87,115.21,113.45,113.72
198,34562045,115.39,115.86,114.1,114.48
199,66134219,114.31,115.7,113.31,115.59
200,48128970,117.95,118.36,117.31,118.25
201,23538673,117.1,117.74,117.0,117.65
202,23192665,116.81,116.91,116.28,116.6
203,24125801,116.86,117.38,116.33,117.06
204,20034594,117.25,117.76,113.8,117.12
205,24553478,118.18,118.21,117.45,117.47
206,23624896,117.33,117.84,116.78,117.55
207,35652191,117.88,118.17,117.13,117.63
208,35192406,116.79,117.44,115.72,116.98
209,37586787,117.35,117.98,116.75,117.34
210,64041043,117.7,118.69,116.2,116.3
211,36235956,115.02,116.75,114.72,116.05
212,24358443,114.31,114.56,113.51,114.06
213,28779313,113.7,114.34,113.13,113.89
214,21453089,113.4,113.66,112.69,113.05
215,29736835,113.06,114.31,112.63,113.0
216,21701760,112.71,113.05,112.28,112.52
217,36379106,112.46,113.37,111.8,113.05
218,35886990,113.16,113.8,111.8,112.18
219,29641085,113.69,114.64,113.43,113.95
220,24607412,113.0,113.18,112.34,113.09
221,29869442,111.64,113.39,111.55,112.88
222,52481151,114.42,114.79,111.55,112.71
223,31073984,114.35,114.94,114.0,114.62
224,36003185,113.85,113.99,112.44,113.55
225,34514269,113.05,114.12,112.51,113.57
226,47023046,115.19,116.18,113.25,113.58
227,79886911,115.12,116.13,114.04,114.92
228,90613177,113.86,115.73,113.49,115.57
229,112340318,108.73,113.03,108.6,111.77
230,62176190,107.51,108.79,107.24,107.95
231,45292770,102.65,105.72,102.53,105.44
232,46556984,104.64,105.72,103.13,103.13
233,53002026,107.25,107.27,105.24,105.52
234,42364328,107.83,108.76,107.07,108.36
235,26880391,107.9,108.3,107.51,107.7
236,26334858,107.7,108.0,106.82,107.73
237,26701523,106.14,106.8,105.62,106.73
238,29662406,105.66,106.57,105.64,106.1
239,24863945,105.8,106.5,105.5,106.0
240,24970300,106.62,107.44,106.29,106.82
241,27766291,107.41,107.95,106.31,106.94
242,25086248,107.39,107.88,106.68,107.57
243,23675081,108.56,108.75,107.68,108.03
244,21257669,108.59,109.32,108.53,108.85
245,25820230,108.86,109.1,107.85,108.51
246,25368072,108.77,109.69,108.36,109.36
247,21984703,109.23,109.6,109.02,109.08
248,25355976,109.1,109.37,108.34,109.22
249,33794448,109.63,110.23,109.21,109.38
250,25868209,108.14,109.54,108.08,109.48
251,18660434,107.78,108.44,107.78,108.18
252,27484506,108.52,108.93,107.85,107.93
253,24008505,108.71,108.9,107.76,108.0
254,26315204,108.23,108.94,108.01,108.81
255,28037220,107.52,108.37,107.16,108.37
256,40553402,106.27,107.65,106.18,107.48
257,27408650,105.58,106.0,105.28,105.87
258,30202641,104.81,105.84,104.77,105.79
259,33816556,106.05,106.07,104.0,104.48
260,38167871,104.41,106.15,104.41,106.05
261,27733688,104.19,104.55,103.68,104.21
262,39869839,102.83,104.45,102.82,104.34
263,92344820,104.26,104.35,102.75,102.95
264,56239822,96.82,97.97,96.42,96.67
265,40382921,98.25,98.84,96.92,97.34
266,28313669,99.26,99.3,98.31,98.66
267,32702028,99.83,101.0,99.13,99.43
268,26275968,100.0,100.46,99.74,99.96
269,23779924,99.56,100.0,99.34,99.87
270,36493867,98.7,100.13,98.6,99.83
271,30136990,98.92,99.3,98.5,98.78
272,38918997,97.39,98.99,97.32,98.79
273,25892171,97.41,97.67,96.84,96.87
274,24167463,97.17,97.7,97.12,97.42
275,23794945,96.75,97.65,96.73,96.98
276,28912103,96.49,96.89,96.05,96.68
277,25139558,95.7,96.5,95.62,95.94
278,30949090,94.6,95.66,94.37,95.53
279,27705210,95.39,95.4,94.46,94.99
280,26026540,95.49,96.46,95.33,95.89
281,35836356,94.44,95.77,94.3,95.6
282,36531006,93.97,94.55,93.63,94.4
283,40444914,92.9,93.66,92.14,93.59
284,46622188,93.0,93.05,91.5,92.04
285,75311356,92.91,94.66,92.65,93.4
286,32240187,95.94,96.29,95.25,96.1
287,29219122,96.25,96.89,95.35,95.55
288,35546358,94.94,96.35,94.68,95.91
289,34411901,96.0,96.57,95.03,95.1
290,61008219,96.62,96.65,95.3,95.33
291,31326815,96.45,97.75,96.07,97.55
292,29445227,97.82,98.41,97.03,97.14
293,31931944,97.32,98.48,96.75,97.46
294,38020494,98.69,99.12,97.1,97.34
295,31712936,98.53,99.35,98.48,98.83
296,26601354,98.5,99.99,98.46,99.65
297,20848131,99.02,99.56,98.68,98.94
298,22409450,99.25,99.87,98.96,99.03
299,23292504,97.99,101.89,97.55,98.63
300,28504888,97.79,98.27,97.45,97.92
301,40191600,97.6,97.84,96.63,97.72
302,29173285,99.02,99.54,98.33,98.46
303,42307212,99.6,100.4,98.82,99.86
304,36229530,99.44,100.47,99.24,100.35
305,56093437,99.68,100.73,98.64,100.41
306,38168760,98.67,99.74,98.11,99.62
307,35036561,97.22,98.09,96.84,97.9
308,37860535,95.87,97.19,95.67,96.43
309,31804564,94.64,95.43,94.52,95.22
310,29693945,94.64,94.64,93.57,94.2
311,41923114,94.16,95.21,93.89,94.56
312,46507449,94.55,94.7,93.01,93.49
313,61140610,92.39,94.39,91.65,93.88
314,44188153,90.0,91.67,90.0,90.52
315,76109795,92.72,92.78,89.47,90.34
316,28539912,93.48,93.57,92.46,92.51
317,33592465,93.33,93.57,92.11,93.42
318,32855251,93.0,93.77,92.59,92.79
319,43458189,93.37,93.45,91.85,92.72
320,35763138,94.0,94.07,92.68,93.24
321,40824776,95.2,95.9,93.82,94.19
322,56533960,94.2,95.74,93.68,95.18
323,47736879,93.96,94.08,92.4,93.64
324,68334434,93.99,94.72,92.51,93.74
325,81990674,97.61,97.88,94.25,94.83
326,113538389,96.0,98.71,95.68,97.82
327,40338403,103.91,105.3,103.91,104.35
328,27950966,105.0,105.65,104.51,105.08
329,33477142,105.01,106.48,104.62,105.68
330,31356434,106.93,106.93,105.52,105.97
331,28666865,106.64,108.09,106.06,107.13
332,32292344,107.88,108.0,106.23,106.91
333,60834027,108.89,108.95,106.94,107.48
334,46418482,112.11,112.3,109.73,109.85
335,25337435,111.62,112.39,111.33,112.1
336,32691799,110.8,112.34,110.8,112.04
337,26812000,109.34,110.5,108.66,110.44
338,28313525,108.97,110.61,108.83,109.02
339,23514462,108.91,109.77,108.17,108.66
340,30881022,109.95,110.42,108.12,108.54
341,26047772,110.23,110.98,109.2,110.96
342,26495312,109.51,110.73,109.42,109.81
343,37243224,110.42,112.19,110.27,111.12
344,25626163,108.78,110.0,108.2,109.99
345,25685672,109.72,109.9,108.88,108.99
346,45159861,108.65,110.42,108.6,109.56
347,30774115,104.89,107.79,104.88,107.68
348,19303557,106.0,106.19,105.06,105.19
349,25480914,105.47,106.25,104.89,105.67
350,25452612,106.48,107.07,105.9,106.13
351,32232567,105.25,107.29,105.21,106.72
352,35180796,105.93,107.65,105.14,105.91
353,43402289,106.34,106.5,105.19,105.92
354,34244593,105.52,106.47,104.96,105.8
355,37893758,104.61,106.31,104.59,105.97
356,40067734,103.96,105.18,103.85,104.58
357,25027426,101.91,102.91,101.78,102.52
358,27200833,102.24,102.28,101.5,102.26
359,33513577,101.41,102.24,100.15,101.17
360,27130729,101.31,101.58,100.27,101.12
361,31274161,100.78,101.76,100.4,101.03
362,35828909,102.39,102.83,100.96,101.87
363,45936485,102.37,103.75,101.37,103.01
364,36792245,100.58,101.71,100.45,101.5
365,33084941,100.51,100.89,99.64,100.75
366,50153943,97.65,100.77,97.42,100.53
367,34876558,96.86,98.23,96.65,96.69
368,28913208,97.2,98.02,96.58,96.91
369,27393905,96.05,96.76,95.25,96.76
370,36155642,93.98,96.38,93.32,96.1
371,31686699,96.4,96.5,94.55,94.69
372,34048195,96.31,96.9,95.92,96.88
373,34485576,96.0,96.76,95.8,96.04
374,38494442,98.84,98.89,96.09,96.26
375,44390173,96.67,98.21,96.15,98.12
376,47490678,95.02,96.85,94.61,96.64
377,40121670,94.19,94.5,93.01,93.99
378,49686210,93.79,94.72,92.59,93.7
379,42244975,95.92,96.35,94.1,94.27
380,44262912,94.29,95.94,93.93,94.99
381,53852284,93.13,95.7,93.04,95.01
382,45853883,96.52,96.92,93.69,94.02
383,46263907,95.86,97.33,95.19,96.6
384,45366710,95.0,96.84,94.08,96.35
385,37081206,95.42,96.04,94.28,94.48
386,40571593,96.47,96.71,95.4,96.43
387,64010141,94.79,97.34,94.35,97.34
388,55557109,93.79,94.52,92.39,94.09
389,132224500,96.04,96.63,93.34,93.42
390,63538305,99.93,100.88,98.07,99.99
391,51196375,101.52,101.53,99.21,99.44
392,65562769,98.63,101.46,98.37,101.42
393,52054521,97.06,97.88,94.94,96.3
394,72008265,95.1,98.19,93.42,96.79
395,52841349,98.41,98.65,95.5,96.66
396,79010008,96.2,97.71,95.36,97.13
397,62424154,97.96,100.48,95.74,99.52
398,61745031,100.32,101.19,97.3,97.39
399,49154227,100.55,100.69,98.84,99.96
400,49739377,98.97,99.06,97.34,98.53
401,70798016,98.55,99.11,96.76,96.96
402,81094428,98.68,100.13,96.43,96.45
403,68457388,100.56,102.37,99.87,100.7
404,55790992,105.75,105.85,102.41,102.71
405,67281190,102.61,105.37,102.0,105.35
406,40912316,107.01,107.03,104.82,105.26
407,25213777,108.58,108.7,107.18,107.32
408,30931243,106.96,109.43,106.86,108.74
409,26704210,107.59,107.69,106.18,106.82
410,13596680,109.0,109.0,107.95,108.03
411,32657354,107.27,108.85,107.2,108.61
412,32789367,107.4,107.72,106.45,107.23
413,47590610,107.28,107.37,105.57,107.33
414,96453327,108.91,109.52,105.81,106.03
415,44772827,112.02,112.25,108.98,108.98
416,56238467,111.07,111.99,108.8,111.34
417,53323105,111.94,112.8,110.35,110.49
418,64318732,112.18,112.68,109.79,112.48
419,46886161,115.19,115.39,112.85,113.18
420,29212727,116.04,116.94,115.51,116.17
421,46361357,115.3,117.69,115.08,115.62
422,34309450,117.52,118.6,116.86,118.23
423,32084249,118.32,119.86,117.81,118.28
424,57776977,115.29,119.25,115.11,119.03
425,41569509,115.24,116.79,114.22,115.2
426,33198964,117.34,118.11,116.08,116.28
427,34700991,118.75,118.81,116.86,117.34
428,37658671,117.99,119.41,117.75,118.3
429,13043720,118.29,118.41,117.6,117.81
430,21388308,119.21,119.23,117.92,118.03
431,42426855,117.33,119.35,117.12,118.88
432,32266736,119.27,119.73,117.34,117.75
433,34103529,119.2,119.92,118.85,119.3
434,42908179,117.64,119.75,116.76,118.78
435,46163404,115.76,117.49,115.5,117.29
436,27253964,114.92,115.05,113.32,113.69
437,37651022,111.38,114.24,111.0,114.18
438,45164053,115.2,115.57,112.27,112.34
439,32262598,116.26,116.82,115.65,115.72
440,45104903,116.37,117.42,115.21,116.11
441,58635125,116.9,118.07,116.06,116.77
442,33657546,120.96,121.81,120.05,120.57
443,32931447,121.08,121.81,120.62,121.06
444,39258480,121.85,122.69,120.18,120.92
445,44343498,122.56,123.82,121.62,122.0
446,45331025,120.79,123.49,120.7,122.57
447,31761309,120.8,121.36,119.61,121.18
448,48811991,120.99,121.22,119.45,119.5
449,50240803,118.7,120.69,118.27,120.53
450,85023324,117.58,119.3,116.06,119.27
451,57953589,115.4,116.54,113.99,114.55
452,66019504,118.08,118.13,114.92,115.28
453,59139552,118.77,119.23,116.33,119.08
454,41272693,114.33,115.5,114.1,115.5
455,41795238,114.0,115.58,113.7,113.76
456,48778770,111.34,114.17,110.82,113.77
457,29606075,110.8,111.75,110.11,111.73
458,38236278,111.78,112.0,110.53,111.04
459,37340996,110.93,112.1,110.49,111.86
460,44325611,111.29,111.52,109.56,110.21
461,32424018,110.82,112.45,110.68,111.79
462,30114425,112.73,112.75,111.44,111.6
463,52533783,111.64,112.28,109.49,112.12
464,61698450,110.06,110.19,108.21,109.5
465,46602587,110.47,111.77,109.41,110.78
466,48196751,110.63,111.74,109.76,111.31
467,51723110,110.08,111.37,109.07,110.78
468,57560431,108.01,111.01,107.55,110.38
469,63747954,109.07,109.62,107.31,109.58
470,66105030,110.17,111.54,108.73,110.3
471,73135853,112.83,113.51,107.86,109.06
472,51723929,113.85,114.57,112.44,112.44
473,55842210,116.44,116.69,114.02,114.71
474,49810647,113.25,115.5,112.37,115.0
475,35645658,113.63,114.72,113.3,114.32
476,49809010,113.38,114.18,112.52,113.4
477,46554289,113.67,115.37,113.66,115.21
478,73418992,112.21,114.3,111.87,113.45
479,63462713,115.66,116.49,113.72,113.92
480,36909956,116.25,116.54,115.44,116.41
481,43004052,115.93,116.53,114.42,116.28
482,58201862,116.58,116.89,114.86,115.31
483,49441846,111.79,114.21,111.76,114.21
484,62675234,110.27,113.28,109.9,112.57
485,84344438,113.76,114.02,109.77,110.15
486,54114204,111.75,112.56,110.32,112.31
487,49628615,108.97,110.45,108.51,109.27
488,52906410,112.49,112.78,110.04,110.37
489,61520170,110.23,112.34,109.13,112.34
490,75988194,110.15,111.88,107.36,107.72
491,55962842,112.03,114.53,112.0,112.76
492,52896384,112.17,113.31,111.54,113.29
493,83265146,112.23,113.24,110.02,112.92
494,96226269,107.08,109.89,105.05,109.69
495,102240208,111.11,111.11,103.5,103.74
496,161454199,94.87,108.8,92.0,103.12
497,126289223,110.43,111.9,105.64,105.76
498,67765523,114.08,114.35,111.63,112.65
499,48286510,116.1,116.52,114.68,115.01
500,34560708,116.43,117.44,116.01,116.5
501,40884745,116.04,117.65,115.5,117.16
502,42929516,114.32,116.31,114.01,115.96
503,48535789,116.04,116.4,114.54,115.15
504,101685610,112.53,115.42,109.63,115.24
505,97082814,117.81,118.18,113.33,113.49
506,54951597,116.53,119.99,116.53,119.72
507,38670405,114.58,116.25,114.5,115.52
508,52903040,115.97,116.5,114.12,115.13
509,99312613,112.95,117.44,112.1,115.4
510,124138623,117.42,117.7,113.25,114.64
511,69975968,121.5,122.57,117.52,118.44
512,42884953,122.6,122.64,120.91,121.3
513,33628268,122.32,122.57,121.71,122.37
514,37011653,123.15,123.5,122.27,122.99
515,33618097,123.38,123.91,122.55,123.38
516,44455540,123.09,123.61,122.12,122.77
517,42162332,125.32,125.74,123.9,124.5
518,50999452,126.2,127.09,125.06,125.16
519,115450607,121.99,125.5,121.99,125.22
520,76756427,132.85,132.92,130.32,130.75
521,58900203,130.97,132.97,130.7,132.07
522,46164710,129.08,129.62,128.31,129.62
523,36222447,127.74,128.57,127.35,128.51
524,33649200,125.72,127.15,125.58,126.82
525,31768139,126.04,126.37,125.04,125.61
526,41440538,125.03,125.76,124.32,125.66
527,61354474,121.94,123.85,121.21,123.28
528,78595038,123.85,124.06,119.22,120.07
529,60761614,124.48,124.64,122.54,122.57
530,46946811,125.89,126.15,123.77,125.69
531,28060431,124.94,126.23,124.85,126.0
532,27210952,126.43,126.69,125.77,126.44
533,30238811,126.9,126.94,125.99,126.6
534,44370682,125.57,126.12,124.86,125.42
535,49161427,125.46,126.47,124.48,124.53
536,44066841,127.67,127.99,126.51,126.75
537,31938100,128.86,129.2,127.5,127.5
538,55280855,127.21,129.8,127.12,128.11
539,30268863,127.48,127.61,126.88,127.03
540,34039345,127.49,128.06,127.08,127.61
541,54716887,127.71,127.82,126.4,126.6
542,35407220,127.23,128.31,127.22,127.88
543,32918071,127.72,127.88,126.74,127.3
544,31494131,127.03,127.85,126.37,127.6
545,43988946,126.1,127.24,125.71,126.92
546,36886246,128.18,128.33,127.11,127.17
547,35390887,129.18,130.18,128.48,128.59
548,39087250,127.92,129.34,127.85,128.88
549,56075420,126.7,128.08,125.62,127.42
550,52674786,128.9,129.21,126.83,127.8
551,35626800,129.5,129.69,128.36,128.65
552,38450118,129.58,130.58,128.91,129.36
553,30983542,130.66,130.94,129.9,130.12
554,33667627,129.86,130.66,129.32,129.96
555,32112797,130.28,131.39,130.05,130.54
556,50884452,131.23,131.45,129.9,130.28
557,30733309,131.86,131.95,131.1,131.78
558,45833246,130.34,132.26,130.05,132.04
559,70697560,132.6,132.91,129.12,129.62
560,45595972,131.6,132.97,131.4,132.54
561,39730364,130.07,131.63,129.83,131.39
562,36454932,130.0,130.98,129.34,130.06
563,44633240,130.69,130.88,129.64,130.07
564,50882918,128.38,130.72,128.36,130.19
565,38208034,129.07,129.49,128.21,128.77
566,45203456,127.41,128.95,127.16,128.95
567,34694235,126.15,127.19,125.87,126.01
568,48160032,125.6,126.88,124.82,125.86
569,42035757,127.39,127.56,125.62,126.32
570,55550382,126.68,127.62,126.11,127.62
571,43940895,124.77,126.08,124.02,125.26
572,72141010,126.56,126.75,123.36,125.01
573,49271416,128.15,128.45,125.78,125.8
574,50988278,129.5,130.57,128.26,128.7
575,58512638,126.1,130.13,125.3,128.95
576,83195423,128.64,127.88,124.58,125.15
577,63386083,130.16,131.59,128.3,128.64
578,118923970,134.46,134.54,129.57,130.56
579,96954207,132.31,133.13,131.15,132.65
580,44525905,130.49,130.63,129.23,130.28
581,45770902,128.3,130.42,128.14,129.67
582,37654505,126.99,128.87,126.32,128.62
583,32435057,128.1,128.2,126.67,126.91
584,47054310,125.57,128.12,125.17,127.6
585,51957046,125.55,126.14,124.46,124.75
586,28368987,126.28,127.1,126.11,126.17
587,28970419,126.41,127.13,126.01,126.78
588,25524593,127.0,127.29,125.91,126.3
589,36365123,128.37,128.57,126.61,126.85
590,40187953,125.95,127.21,125.26,127.1
591,32483974,125.85,126.58,124.66,126.56
592,37329243,125.85,126.4,124.97,125.6
593,35012268,127.64,128.12,125.98,126.01
594,37193975,124.47,127.51,124.33,127.35
595,32220131,125.03,125.56,124.19,125.32
596,40621437,124.82,125.12,123.1,124.25
597,42090553,126.09,126.49,124.36,124.43
598,47099670,124.05,126.4,124.0,126.37
599,39546151,124.57,124.7,122.91,123.25
600,47572869,122.76,124.88,122.6,124.24
601,51655177,126.54,126.82,123.38,123.38
602,32842304,127.23,128.04,126.56,126.69
603,37709674,127.12,127.85,126.52,127.21
604,68695136,128.25,128.4,125.16,125.9
605,45809490,128.75,129.25,127.4,127.5
606,65270945,127.0,129.16,126.37,128.47
607,51023104,125.9,127.32,125.65,127.04
608,35874300,123.88,124.95,122.87,124.95
609,51827283,124.4,125.4,122.58,123.59
610,48362719,122.31,124.9,121.63,124.45
611,68938974,124.75,124.77,122.11,122.24
612,68856582,126.41,127.22,123.8,124.51
613,88528487,127.96,129.57,125.06,127.14
614,72842060,128.4,129.37,126.26,126.6
615,56517146,128.58,128.75,125.76,126.41
616,31666340,129.1,129.56,128.32,128.54
617,37816283,128.96,129.52,128.09,129.36
618,48096663,129.25,130.28,128.3,129.09
619,62014847,130.0,130.57,128.24,128.46
620,91287529,128.78,130.87,126.61,130.42
621,74711746,131.56,131.6,128.15,128.79
622,69228130,132.94,133.6,131.17,132.17
623,70974110,130.02,133.0,129.66,133.0
624,48948419,128.62,129.5,128.05,129.5
625,37362381,128.48,129.03,128.33,128.45
626,44891737,127.62,128.78,127.45,128.72
627,63152405,127.49,128.88,126.92,127.83
628,54272219,127.28,127.28,125.65,127.08
629,74474466,126.06,127.48,125.57,126.46
630,73561797,122.77,124.92,122.5,124.88
631,62008506,120.17,122.15,120.16,122.02
632,38889797,118.55,119.84,118.43,119.72
633,43706567,120.02,120.25,118.45,118.93
634,42246245,120.02,120.23,119.25,119.94
635,70149743,118.5,120.51,118.31,119.56
636,51915749,118.5,119.09,117.61,118.65
637,62739100,118.05,119.17,116.08,118.63
638,83745461,118.4,120.0,116.85,117.16
639,84436432,116.32,119.19,115.56,118.9
640,146477063,117.62,118.12,115.31,115.31
641,95568749,112.42,112.48,109.03,109.14
642,55614979,113.74,114.36,112.8,113.1
643,46464828,112.3,113.75,111.53,112.98
644,53796409,110.26,112.47,109.72,112.4
645,48575897,108.95,111.06,108.27,109.55
646,49899907,107.84,108.97,106.5,108.72
647,78513345,107.03,107.58,105.2,105.99
648,60013996,110.0,110.06,106.66,106.82
649,48956588,109.04,110.49,108.5,109.8
650,67091928,111.43,112.8,108.91,110.22
651,49650790,112.6,112.63,108.8,109.25
652,53699527,112.67,113.25,110.21,112.01
653,59364547,109.23,112.15,108.7,111.89
654,40105934,107.2,108.2,106.7,107.75
655,65797116,106.54,107.43,104.63,106.26
656,64285491,108.29,108.65,105.41,106.25
657,53204626,111.39,111.44,107.35,109.33
658,41403351,112.82,113.13,110.21,110.38
659,29881477,113.64,113.92,112.11,112.52
660,27598920,113.79,114.77,113.7,113.91
661,33720951,112.1,114.52,112.01,113.99
662,14479611,112.58,112.71,112.01,112.01
663,26028419,113.23,113.33,112.46,112.54
664,45167549,112.16,113.49,111.97,112.94
665,88429770,112.26,113.24,111.66,111.78
666,59006218,111.87,112.65,110.66,112.65
667,53411773,107.12,109.84,106.82,109.41
668,60790733,106.37,110.16,106.26,106.74
669,67218082,110.7,111.6,106.35,108.22
670,56028138,110.46,111.87,109.58,109.73
671,41471578,112.26,113.8,111.34,111.62
672,44565318,114.41,114.85,111.54,111.95
673,60208036,110.19,114.3,109.35,114.12
674,57664850,114.1,114.65,111.62,112.4
675,38318895,115.99,116.08,114.64,115.0
676,42155776,115.77,117.2,115.29,115.49
677,43063440,115.75,116.35,115.11,115.93
678,59348940,113.5,115.75,112.75,114.63
679,83814037,118.81,119.25,111.27,115.07
680,24814402,119.27,119.4,118.05,118.93
681,40831886,117.94,119.1,117.83,119.0
682,68840440,119.07,119.75,117.45,117.6
683,47450824,116.85,118.77,116.62,118.62
684,57179298,117.51,117.57,116.03,116.47
685,43395537,114.91,116.86,114.85,116.31
686,41869160,115.44,115.74,113.8,114.67
687,44223978,113.94,115.69,113.89,115.47
688,46746712,114.27,117.28,113.3,113.99
689,44063595,113.15,114.19,113.05,114.18
690,59522855,111.8,113.45,111.6,112.82
691,46942431,109.38,111.43,109.37,111.25
692,27442252,108.7,109.75,108.4,109.7
693,27195547,109.02,109.33,108.67,108.83
694,33691535,108.75,109.32,108.55,109.01
695,34968457,108.6,108.79,107.8,108.7
696,37435905,109.1,109.3,108.12,108.86
697,41574365,109.36,109.49,107.72,108.6
698,52282550,108.22,110.3,108.01,109.4
699,44639285,108.01,108.04,107.21,108.0
700,40654793,106.96,107.35,105.9,106.98
701,52687879,106.65,107.37,106.36,107.34
702,48060949,105.4,106.74,105.35,106.74
703,34187701,104.85,105.48,104.7,105.11
704,47053916,105.18,105.49,104.53,105.22
705,71074674,104.08,105.05,103.63,104.83
706,68263146,102.84,104.11,102.6,102.99
707,94623904,103.02,103.02,101.27,102.47
708,77517279,98.32,99.96,98.22,99.76
709,68179688,97.5,99.0,96.81,97.67
710,72154523,95.55,97.72,95.41,96.26
711,100933600,97.97,99.15,95.18,97.54
712,63688562,100.39,100.52,98.57,98.75
713,53583368,101.33,101.78,99.81,99.81
714,66331592,100.69,102.03,100.3,100.73
715,77376525,101.54,102.38,100.61,101.02
716,57404674,98.76,101.11,98.31,100.8
717,42094183,99.43,100.12,98.73,98.75
718,37051182,99.95,100.65,99.42,99.62
719,43469585,99.44,100.21,99.04,99.62
720,47757828,99.27,100.22,98.04,99.9
721,51491286,100.59,100.69,98.7,99.18
722,55264139,100.81,101.54,100.53,100.75
723,49766312,98.65,100.44,98.63,100.11
724,62370501,98.53,100.75,98.4,100.75
725,100091990,100.51,100.71,97.72,97.87
726,60171828,102.16,102.85,101.2,101.75
727,63402196,100.6,102.94,100.54,102.64
728,52788426,101.8,102.14,100.58,101.06
729,70902406,102.29,102.35,100.88,100.96
730,37299435,101.93,102.35,101.56,101.79
731,60926498,101.27,101.8,100.59,101.58
732,66908133,99.8,101.26,98.89,100.86
733,61316516,102.81,103.05,101.44,101.63
734,64096903,101.21,102.19,101.08,101.66
735,62399743,100.41,101.44,99.62,101.43
736,100869587,98.01,101.11,97.76,101.0
737,189846255,99.08,103.08,96.14,97.99
738,46356742,99.3,99.31,98.05,98.36
739,58457035,98.8,99.39,98.31,98.97
740,85718221,98.85,100.09,97.79,98.12
741,125420521,103.1,103.2,98.58,98.94
742,53564262,103.06,103.74,102.72,103.3
743,44595247,102.86,102.9,102.2,102.5
744,68459801,102.13,102.78,101.56,102.25
745,52369011,101.02,102.57,100.7,102.13
746,33151984,101.42,101.5,100.86,100.89
747,40270173,101.79,102.17,101.28,101.54
748,44183834,100.29,101.47,100.19,101.32
749,33478198,100.57,100.94,100.11,100.58
750,52699192,100.44,101.09,99.95,100.57
751,69399270,99.41,100.68,99.32,100.53
752,47572413,98.49,99.37,97.98,99.16
753,48951331,97.9,98.19,96.86,97.98
754,28115566,97.33,97.57,96.8,97.5
755,31916439,96.15,97.24,96.04,97.24
756,33795352,96.04,96.88,95.61,95.97
757,36584844,95.27,96.08,94.84,95.99
758,41865193,94.26,94.82,93.28,94.74
759,46711179,94.93,95.95,94.1,94.48
760,38558342,94.75,95.48,94.71,94.96
761,55932663,95.36,95.68,94.36,95.12
762,39958144,96.37,96.58,95.17,95.59
763,48511286,94.9,96.62,94.81,96.13
764,56842647,97.16,97.45,95.33,95.6
765,33010001,98.44,98.7,97.67,98.15
766,43143095,99.33,99.44,98.25,98.38
767,55317689,97.82,99.24,97.55,99.02
768,43469117,96.85,97.84,96.64,97.67
769,45728843,97.04,97.32,96.42,97.03
770,92917719,95.42,97.88,95.17,97.19
771,55196597,94.68,94.89,94.12,94.72
772,39079002,94.99,95.0,93.72,93.94
773,49987593,93.62,94.74,93.02,94.43
774,57298243,95.03,95.28,92.57,93.09
775,53502415,96.97,97.1,94.74,94.78
776,45696176,96.8,96.85,95.03,95.32
777,42810155,95.86,96.89,95.65,96.45
778,34018228,95.36,95.89,94.86,95.22
779,39685552,93.76,95.55,93.52,95.04
780,36436440,95.44,95.95,94.76,95.39
781,65221678,96.27,96.8,93.92,95.35
782,56467939,94.14,95.99,94.1,95.97
783,22891753,93.67,94.1,93.2,94.03
784,28465073,93.86,94.06,93.09,93.48
785,38223477,93.52,94.07,93.13,93.52
786,49589028,92.1,93.72,92.09,92.93
787,64028803,90.82,92.0,90.77,91.98
788,32629359,90.37,91.05,89.8,90.9
789,36868541,90.21,90.7,89.65,90.36
790,39036087,90.75,91.74,90.19,90.28
791,43694391,91.32,91.62,90.6,90.83
792,100898066,91.85,92.55,90.9,90.91
793,35527686,92.29,92.3,91.34,91.86
794,33514108,92.27,92.29,91.35,92.18
795,29726347,92.31,92.7,91.8,92.08
796,35561270,91.51,92.75,91.45,92.2
797,54525280,92.2,92.44,90.88,91.28
798,54748791,94.04,94.12,91.9,92.29
799,45681114,94.13,94.76,93.47,93.86
800,62777042,94.73,95.05,93.57,94.25
801,75414804,92.7,93.88,91.75,93.7
802,87620911,92.84,93.04,92.07,92.22
803,75951141,92.31,92.77,91.8,92.48
804,83870521,91.06,92.56,90.87,92.12
805,73231620,89.78,91.25,89.75,91.08
806,92337903,90.57,90.69,88.93,89.81
807,141005137,91.14,92.02,89.84,90.43
808,94118633,89.69,90.98,89.68,90.77
809,78921885,89.43,89.98,89.11,89.14
810,87216605,87.98,89.41,87.95,89.38
811,58052491,86.75,87.82,86.64,87.73
812,50218945,86.66,87.12,86.3,86.75
813,49249914,86.26,86.67,86.01,86.62
814,58708986,86.36,86.63,85.82,86.39
815,79439024,85.41,86.76,85.33,86.37
816,69091834,84.09,85.36,83.63,85.36
817,57711731,84.96,85.23,84.01,84.12
818,41600846,84.63,85.34,84.53,84.84
819,39934594,84.57,84.93,84.39,84.82
820,53324677,83.93,84.81,83.91,84.69
821,72899498,83.51,83.75,82.9,83.65
822,57574363,84.04,84.92,83.77,84.0
823,70715988,85.04,85.33,83.96,84.62
824,93641373,85.97,86.34,84.92,84.92
825,71766758,84.31,85.86,84.29,85.85
826,47878572,84.62,84.89,84.24,84.65
827,61052418,84.57,84.97,83.77,84.5
828,114220883,84.66,85.63,84.26,84.3
829,84344673,84.82,85.14,84.22,84.62
830,167371680,81.83,85.11,81.79,84.87
831,97568814,80.65,81.71,80.57,81.71
832,189978082,81.17,81.43,80.1,81.11
833,98735259,75.58,75.88,74.92,74.96
834,50664453,75.47,75.98,75.21,75.96
835,45668931,75.05,76.02,74.85,75.88
836,71106721,74.29,75.39,74.17,74.99
837,53732994,74.01,74.44,73.45,74.14
838,66622577,74.32,74.52,73.05,73.99
839,51445177,74.56,74.59,73.89,74.53
840,67975012,74.14,74.69,73.88,74.23
841,59912818,75.81,76.03,74.74,74.78
842,51542722,74.66,75.78,74.57,75.76
843,60971883,75.03,75.16,74.1,74.78
844,72462530,75.43,75.84,74.56,74.78
845,68812485,77.12,77.14,75.8,75.97
846,40648111,77.34,77.5,76.81,76.97
847,45104871,77.48,77.64,77.18,77.51
848,50189685,76.82,77.41,76.68,77.38
849,42167188,77.03,77.26,76.56,76.68
850,50141063,76.9,76.99,76.32,76.69
851,55507676,77.14,77.36,76.45,76.78
852,74942224,78.07,78.43,76.98,77.11
853,70573356,77.36,77.96,77.08,77.86
854,88924871,76.92,77.21,76.44,77.03
855,93612169,75.99,76.25,75.19,76.12
856,52099537,75.7,76.1,75.34,75.53
857,56188958,76.04,76.61,75.57,75.89
858,52411863,75.13,76.0,75.03,75.91
859,49886074,75.39,75.71,75.12,75.25
860,59299492,75.54,75.84,74.71,74.96
861,64435609,76.78,77.09,75.59,75.81
862,50195460,76.36,76.76,76.0,76.66
863,70198849,76.49,76.96,76.08,76.58
864,44691430,75.48,76.19,75.48,75.85
865,55415241,75.87,76.0,75.15,75.78
866,46423111,76.11,76.35,75.44,75.82
867,50065519,75.85,76.39,75.59,76.05
868,64884834,75.86,76.09,75.4,75.89
869,59784494,74.77,75.81,74.69,75.39
870,93074653,75.58,76.11,74.59,75.18
871,75557321,73.88,75.54,73.72,75.38
872,69131286,74.8,75.0,73.66,73.91
873,58247350,75.63,75.65,74.43,74.58
874,72364950,74.74,75.7,74.63,75.36
875,69757247,76.11,76.37,74.94,75.04
876,76529103,76.14,76.71,75.57,75.88
877,78554420,77.82,78.13,76.34,76.77
878,65306248,78.0,78.74,77.94,78.0
879,68468036,77.5,78.0,77.32,77.71
880,76960156,76.38,77.84,76.31,77.78
881,77127064,76.71,77.08,76.18,76.56
882,70672252,75.8,76.82,75.64,76.57
883,86451022,74.09,76.0,74.0,75.57
884,93638601,74.48,74.7,73.91,74.24
885,64497223,72.87,73.36,72.54,73.22
886,82322156,72.37,73.61,72.32,73.23
887,94273543,72.26,72.78,71.82,72.68
888,100620772,71.8,72.53,71.33,71.65
889,116336444,70.74,71.65,70.51,71.51
890,169762789,71.79,72.36,70.96,71.4
891,125942796,71.99,72.48,71.23,71.54
892,266833581,72.68,73.57,71.72,72.36
893,144219152,78.58,79.26,77.96,78.64
894,108384437,79.14,79.37,77.82,78.01
895,100978346,78.56,79.5,77.83,79.45
896,95219334,78.7,79.61,78.26,78.79
897,82255544,77.28,78.58,77.2,78.44
898,108426689,78.78,78.87,77.13,77.24
899,57471330,79.27,79.55,78.81,79.18
900,98472619,79.07,80.03,78.81,79.62
901,83734371,76.89,78.1,76.81,78.06
902,94860843,75.7,77.5,75.7,76.53
903,76320664,77.12,77.26,75.87,76.13
904,69905199,78.11,78.12,76.48,76.65
905,64686685,76.97,77.94,76.96,77.64
906,79432766,77.76,77.99,76.85,77.15
907,103359151,76.78,78.11,76.23,77.7
908,98303870,78.98,79.1,77.2,77.28
909,58791957,79.38,79.58,78.86,79.02
910,55819372,79.17,80.18,79.14,80.15
911,63407722,79.64,80.01,78.9,79.22
912,56471317,80.55,80.63,79.93,80.01
913,51002035,81.16,81.36,80.48,80.56
914,41888735,81.41,81.7,80.86,81.1
915,125326831,81.14,81.53,80.39,81.44
916,109103435,77.91,78.8,77.83,78.43
917,80239369,78.38,78.57,77.68,77.78
918,141465807,78.21,78.78,76.97,78.68
919,57475649,79.39,79.92,79.05,79.28
920,70648452,79.37,80.38,79.29,79.64
921,83205283,80.34,80.41,79.1,79.2
922,65572318,80.38,80.76,80.0,80.08
923,89929693,81.01,81.57,79.96,80.19
924,69567610,80.52,81.13,80.17,80.79
925,80123533,80.14,81.37,80.13,80.92
926,86088352,80.83,80.96,79.94,80.0
927,111895315,81.81,82.16,80.92,81.13
928,94452666,80.79,81.31,80.12,80.71
929,112741734,79.76,80.91,79.67,80.9
930,118135885,79.71,80.62,78.69,78.75
931,79532215,78.5,79.76,78.26,79.44
932,90861841,76.62,78.0,76.2,77.99
933,100345728,74.87,76.59,74.86,76.2
934,57348403,74.43,75.12,74.43,74.82
935,55931232,74.22,74.59,74.08,74.26
936,65506861,73.94,74.46,73.38,74.45
937,48545798,74.18,74.35,73.48,73.57
938,52234707,74.15,74.77,74.0,74.22
939,61236224,75.0,75.31,74.03,74.09
940,79479764,75.23,75.58,74.93,75.0
941,70605087,74.69,75.61,74.55,75.45
942,49304927,74.0,74.61,73.85,74.38
943,51114651,73.95,74.85,73.86,74.29
944,56863303,74.28,74.52,73.49,74.15
945,69829543,73.51,74.45,73.23,74.37
946,65655100,74.23,74.74,73.2,73.21
947,55844152,74.88,74.98,74.03,74.42
948,66368071,74.94,75.56,74.71,75.06
949,61157033,74.44,75.26,74.12,75.25
950,68722304,74.86,74.97,73.69,74.29
951,68923785,75.0,75.36,74.47,74.67
952,88540697,74.23,75.36,73.86,74.98
953,158952115,76.61,77.04,73.51,73.81
954,137610123,75.58,75.86,74.74,75.7
955,84448133,75.9,76.18,75.02,75.14
956,96191095,75.0,76.07,74.64,75.99
957,78431122,74.14,75.1,74.14,74.99
958,133515753,75.2,75.49,72.58,74.27
959,99526945,73.11,74.9,73.07,74.48
960,72635570,72.28,72.75,72.24,72.7
961,63398335,71.43,72.11,71.38,72.07
962,62775013,71.54,71.79,71.32,71.59
963,80018603,71.07,71.71,70.79,71.24
964,65474542,69.98,71.08,69.91,70.86
965,66934938,69.57,70.55,69.31,70.4
966,69650490,70.19,70.34,69.58,69.95
967,75431216,69.23,69.68,68.33,69.51
968,72729006,69.99,70.09,68.65,68.71
969,78073107,69.51,70.38,69.34,69.68
970,64717380,69.12,69.23,68.37,69.0
971,80688503,70.07,70.34,68.68,69.06
972,72295902,69.38,70.26,69.11,69.94
973,88470655,68.35,69.88,68.34,69.71
974,65039408,68.18,68.81,67.77,68.11
975,57009729,69.11,69.24,68.67,68.96
976,59305183,69.43,69.79,69.13,69.46
977,79239167,69.89,69.95,68.78,68.79
978,91085743,70.7,70.78,69.69,69.87
979,190526525,70.87,70.99,68.94,70.09
980,174825322,68.29,68.36,66.57,66.77
981,101134712,67.24,67.98,67.04,67.47
982,114215304,66.17,66.62,65.81,66.38
983,99844773,63.99,65.67,63.93,65.05
984,137137665,65.86,65.94,63.89,64.3
985,74708438,67.05,67.4,66.39,66.41
986,101012471,66.93,67.91,66.57,67.53
987,223526688,66.72,67.67,66.4,66.82
988,185798872,72.31,72.49,69.93,70.66
989,85171583,72.14,72.56,71.93,72.31
990,89881253,71.21,71.34,69.99,71.17
991,59091879,71.46,71.53,70.52,70.75
992,86257878,71.37,71.75,70.9,71.24
993,83025166,70.44,71.51,69.62,69.8
994,68100788,70.29,70.42,69.5,69.6
995,59913714,70.24,70.93,70.16,70.24
996,76901678,69.43,70.83,69.43,70.13
997,106047109,71.14,71.79,69.47,69.8
998,82741050,71.54,72.89,71.5,71.85
999,55682221,71.9,71.91,71.34,71.57
1000,61051676,72.14,72.23,71.17,71.85
1001,83969305,71.94,72.45,71.6,71.77
1002,89671743,72.82,72.94,71.55,71.58
1003,127629481,72.05,73.39,72.0,72.53
1004,90575856,71.45,71.85,71.27,71.76
1005,122573507,70.92,71.77,69.87,71.13
1006,189092911,71.13,72.04,70.49,71.21
1007,220484936,67.28,70.67,66.86,69.94
1008,91108290,65.27,66.95,65.23,66.77
1009,66905209,65.52,65.78,64.81,64.92
1010,63999838,66.26,66.3,65.42,65.86
1011,74713968,66.26,66.71,65.97,66.43
1012,83728540,66.86,67.41,66.02,66.46
1013,79713592,66.38,67.24,66.02,67.06
1014,68695326,65.43,66.12,65.24,66.08
1015,51562322,65.11,65.26,64.75,65.24
1016,80739351,65.0,65.33,64.2,64.65
1017,77355565,64.28,65.31,64.18,64.76
1018,62110300,62.97,64.28,62.89,63.97
1019,50068753,62.19,63.01,62.05,63.0
1020,57420636,62.96,63.06,62.26,62.64
1021,148013824,62.7,63.51,62.18,62.93
1022,92348403,60.86,60.99,59.82,59.86
1023,51997596,61.35,61.39,60.78,60.9
1024,67194715,61.87,62.0,60.62,60.71
1025,54760818,61.91,62.12,61.52,61.68
1026,49764064,61.39,61.75,61.17,61.47
1027,54134367,60.93,61.53,60.6,61.46
1028,60543105,60.72,61.64,60.69,61.06
1029,69910463,61.09,61.4,60.49,60.93
1030,81618964,60.42,61.18,60.17,61.04
1031,70350819,59.94,60.69,59.75,60.1
1032,88172238,59.09,60.5,58.63,60.34
1033,74578420,60.02,60.14,58.66,59.29
1034,68520760,60.06,60.47,59.34,59.63
1035,60232158,60.12,60.43,59.64,60.11
1036,117521579,58.57,60.23,58.5,59.78
1037,97793045,57.53,58.9,57.32,58.46
1038,144659417,55.91,57.18,55.55,56.65
1039,84350049,57.04,57.34,56.22,56.25
1040,91986573,57.7,57.83,56.52,56.87
1041,78584786,57.96,58.26,56.98,57.52
1042,120186430,58.2,58.38,56.86,57.51
1043,120297338,59.78,60.0,58.3,59.07
1044,89374558,59.9,60.85,59.31,59.55
1045,77757785,61.63,61.67,60.43,60.43
1046,48790448,61.65,62.13,61.46,61.68
1047,64860453,61.63,62.24,61.48,61.71
1048,65672880,62.2,62.33,61.21,61.44
1049,71528086,61.79,62.45,61.25,62.28
1050,66356668,62.79,63.04,61.64,61.74
1051,71426348,62.25,63.25,61.9,62.51
1052,112589043,63.53,64.15,62.4,62.7
1053,101185686,62.36,63.32,61.82,63.12
1054,104268458,63.64,63.86,62.01,62.64
1055,72647337,63.66,64.39,63.39,63.59
1056,73181521,64.75,64.92,63.91,64.19
1057,93087841,63.97,64.62,63.21,64.39
1058,96075042,64.64,65.3,64.21,64.25
1059,88428648,63.66,64.93,63.5,64.51
1060,82695669,62.86,63.93,62.77,63.56
1061,96536188,64.27,64.44,62.98,63.06
1062,69106639,62.98,63.67,62.91,63.59
1063,88345236,62.28,63.74,62.26,63.16
1064,110814858,63.44,64.05,62.6,63.05
1065,114074240,62.59,63.64,62.03,62.81
1066,112893984,61.7,63.69,61.44,63.28
1067,107019829,62.72,62.87,61.57,61.89
1068,150866478,60.46,62.55,59.84,62.08
1069,185403085,62.74,63.0,60.34,61.26
1070,111778940,64.84,65.03,63.16,63.41
1071,79277310,64.5,65.41,64.5,64.96
1072,83712482,65.42,65.67,64.35,64.71
1073,99687476,65.69,66.14,65.08,65.25
1074,118149038,65.58,66.48,65.12,66.26
1075,120938076,66.42,66.54,64.81,65.52
1076,124160162,65.1,66.03,64.9,65.82
1077,90381788,64.47,64.75,64.16,64.28
1078,105506184,63.11,64.08,62.95,63.65
1079,126788697,63.49,63.56,62.06,62.76
1080,172884362,62.16,63.61,61.72,63.25
1081,160081110,60.06,61.94,60.0,61.45
1082,191068990,58.54,59.82,58.32,59.6
1083,96209155,58.75,59.13,58.14,58.34
1084,242458391,56.22,59.32,56.07,57.92
1085,166058949,57.71,58.34,56.97,58.02
1086,107479442,56.09,57.46,55.9,56.95
1087,152318201,55.42,57.09,55.01,55.79
1088,166574163,57.86,57.97,55.68,56.01
1089,236263461,60.04,60.09,56.87,57.54
1090,76442758,60.22,60.94,60.08,60.89
1091,79379706,61.0,61.13,59.94,59.98
1092,59681279,62.02,62.02,61.3,61.4
1093,82154093,61.96,62.57,61.6,62.05
1094,93981748,61.16,62.44,60.86,62.24
1095,76688115,60.91,61.21,60.39,61.0
1096,75264742,60.69,61.07,60.36,60.89
1097,95923478,60.64,60.71,59.95,60.46
1098,89664638,61.97,62.14,60.75,61.1
1099,90803727,61.62,62.47,61.47,61.71
1100,132443234,61.09,62.59,60.91,61.4
1101,97432489,63.13,63.38,61.11,61.27
1102,110745586,64.26,64.55,63.09,63.24
1103,82852294,65.21,65.26,64.39,64.58
1104,73573423,66.49,66.55,65.79,65.88
1105,125283438,66.38,67.14,65.97,66.23
1106,98776111,64.94,66.01,64.73,65.99
1107,95813410,64.32,65.43,64.3,64.68
1108,77165158,65.35,65.38,64.23,64.58
1109,131693310,65.64,65.85,64.07,64.93
1110,151549090,63.06,65.35,63.03,65.1
1111,160989787,62.56,63.46,62.46,63.38
1112,75968746,61.83,62.09,61.49,61.79
1113,101454192,61.21,62.07,60.77,61.19
1114,116477473,62.23,62.7,61.08,61.2
1115,118558356,61.39,62.72,60.73,62.55
1116,97898983,61.4,62.2,61.23,61.67
1117,117117826,60.64,61.72,60.15,61.51
1118,115062269,62.07,62.18,60.63,60.81
1119,159607042,60.21,62.17,60.11,61.59
1120,145684399,61.11,61.17,59.86,60.01
1121,138111792,62.57,62.6,61.43,61.5
1122,80628737,63.44,63.98,63.06,63.06
1123,146836928,64.06,64.63,62.95,63.51
1124,125374074,63.4,64.51,62.52,64.14
1125,93144464,64.84,65.02,63.22,63.26
1126,82663644,64.18,64.51,63.8,64.4
1127,111795180,63.71,64.17,63.26,63.72
1128,119074886,65.38,65.38,64.11,64.12
1129,108944213,65.87,66.1,64.84,65.71
1130,97981177,66.98,67.17,65.7,65.74
1131,88876501,66.36,67.38,66.29,66.66
1132,118801221,66.74,67.66,66.17,66.72
1133,152262712,68.5,68.91,66.82,66.84
1134,129358516,68.07,69.28,67.61,68.56
1135,158288984,67.71,68.4,66.89,67.85
1136,176145074,66.18,67.14,64.87,66.89
1137,148426012,65.21,66.64,64.65,65.34
1138,143336536,63.44,65.68,63.17,65.41
1139,119278754,64.84,65.13,63.14,63.19
1140,134867089,65.59,65.64,64.05,64.8
1141,79833215,65.28,65.61,65.0,65.07
1142,104288317,65.29,66.09,64.93,65.26
1143,142768017,65.5,65.74,64.59,65.47
1144,196378931,62.55,64.74,62.27,64.26
1145,301993503,64.53,65.18,62.14,62.84
1146,365212953,65.71,66.53,64.32,64.36
1147,215375853,72.69,73.57,72.11,73.43
1148,115386173,72.08,72.55,70.95,72.11
1149,118287267,71.22,71.75,70.91,71.43
1150,113412579,72.9,72.96,71.72,71.81
1151,172700045,70.66,72.78,70.36,72.3
1152,219192932,71.19,71.28,69.05,69.42
1153,183544396,71.81,72.5,71.22,71.68
1154,87688741,74.43,75.05,74.15,74.33
1155,150285296,75.51,75.53,73.65,74.79
1156,101899959,74.64,75.0,73.71,73.87
1157,114676751,75.6,75.98,74.46,75.04
1158,121038176,74.6,75.6,73.6,74.8
1159,148581860,76.71,76.95,75.12,75.29
1160,88240950,78.27,78.52,77.29,77.44
1161,140124866,79.12,79.29,77.38,78.43
1162,164872785,72.93,76.49,72.71,76.02
1163,88569243,72.9,73.5,72.59,72.8
1164,113779680,73.36,73.75,72.09,73.58
1165,75609030,74.14,74.21,73.02,73.29
1166,43936977,74.34,74.89,74.1,74.31
1167,149129554,73.21,74.24,72.89,74.19
1168,120421798,75.71,75.74,74.13,74.53
1169,112340424,75.92,76.24,75.07,75.19
1170,156417023,75.0,76.41,74.32,76.27
1171,189736022,72.7,74.29,71.6,74.12
1172,252394499,73.54,74.02,72.23,72.83
1173,156314627,75.88,76.81,75.11,75.67
1174,121783130,78.25,78.29,76.61,77.0
1175,148085903,77.11,78.51,76.77,77.34
1176,157620575,75.0,76.93,74.51,75.69
1177,196941794,79.06,79.31,75.71,76.18
1178,294301791,75.56,79.04,74.09,78.18
1179,261159353,81.27,81.32,76.97,76.97
1180,139482392,83.11,83.11,81.73,82.26
1181,91069097,84.81,84.94,83.64,83.74
1182,97824986,83.83,84.06,83.24,83.61
1183,128674525,84.32,84.89,83.61,84.19
1184,130264981,82.47,83.69,81.75,83.28
1185,133328454,84.22,84.35,82.87,83.54
1186,157644431,82.27,84.29,81.96,84.22
1187,68206579,81.02,81.71,80.37,81.64
1188,93306759,80.61,81.05,79.51,80.24
1189,160687856,81.7,81.71,79.23,80.13
1190,205792965,77.24,81.07,77.13,80.82
1191,316722763,75.03,75.71,72.25,75.38
1192,197477385,76.79,77.07,74.66,75.09
1193,119291977,77.93,78.21,76.6,76.7
1194,133302610,76.99,78.64,76.62,77.56
1195,128950479,79.16,79.21,76.95,77.55
1196,232476496,77.2,79.27,76.25,78.15
1197,264036339,80.09,80.32,76.47,76.82
1198,198412186,81.98,82.08,79.39,79.71
1199,93729041,84.32,84.39,82.87,83.26
1200,132321224,83.36,83.97,82.51,83.52
1201,149843064,85.13,85.28,82.11,82.4
1202,90361922,85.46,86.14,84.88,85.22
1203,127500471,84.98,85.99,83.96,85.05
1204,254605834,87.06,87.71,84.43,86.29
1205,164081393,88.57,88.86,86.51,87.08
1206,139631772,88.78,89.51,87.23,88.12
1207,176786197,90.14,90.56,87.39,87.62
1208,136682392,87.49,90.77,87.25,90.58
1209,186021017,90.15,90.25,87.09,87.12
1210,119155512,91.37,91.72,90.0,90.38
1211,97327643,92.7,93.26,92.0,92.09
1212,137442816,90.77,92.9,90.14,92.83
1213,108124961,90.34,90.73,89.12,90.68
1214,115003665,89.94,90.77,89.33,89.96
1215,136520097,92.4,92.5,89.7,89.7
1216,127588930,91.39,92.14,91.0,91.56
1217,209648887,91.24,91.5,89.08,90.84
1218,159494867,92.41,92.51,90.87,91.17
1219,148501108,95.03,95.14,93.04,93.23
1220,92688813,95.89,96.32,95.08,95.26
1221,106069719,94.98,95.98,94.66,95.92
1222,156997638,94.54,95.19,92.95,94.47
1223,135895921,95.88,96.68,93.79,94.2
1224,133777077,96.96,97.3,95.25,95.3
1225,148522031,94.9,97.45,94.34,97.33
1226,144175906,95.53,96.1,94.46,95.03
1227,129690449,98.32,98.97,96.14,96.22
1228,159936196,98.12,99.3,97.57,98.68
1229,142897076,100.34,100.72,99.91,100.01
1230,84141932,99.88,100.01,99.09,99.81
1231,81715004,100.04,100.57,99.94,100.3
1232,93375667,99.98,100.33,99.49,100.27
1233,99507499,99.91,99.97,99.23,99.97
1234,150118311,98.56,99.57,98.27,98.75
1235,149589629,96.77,97.93,96.4,97.57
1236,178054492,95.26,95.7,93.71,95.68
1237,125984852,95.02,95.73,93.79,94.37
1238,121998898,97.21,97.61,94.59,94.68
1239,82416145,96.86,97.5,96.54,97.21
1240,97845664,96.17,96.9,95.83,96.61
1241,84090475,96.51,96.62,95.66,95.75
1242,91972629,95.11,96.45,94.93,96.42
1243,84579607,95.32,95.51,93.89,95.03
1244,75672793,95.81,95.94,94.69,94.84
1245,50701084,96.46,96.81,96.09,96.21
1246,66844323,96.43,96.59,95.81,96.4
1247,106728601,97.14,97.27,96.22,96.53
1248,109334113,94.22,95.64,93.65,94.75
1249,105029568,95.16,95.7,94.45,94.66
1250,141330637,93.49,95.57,92.59,95.55
1251,203176260,95.83,96.41,92.9,93.72
1252,153345689,92.86,95.02,92.84,95.02
1253,110689894,91.43,92.6,91.26,92.59
1254,63694204,90.17,90.97,90.07,90.91
1255,64377278,90.19,90.57,89.68,90.12
1256,85041824,90.27,91.23,90.03,90.24
1257,69707463,89.06,90.0,89.04,90.0
1258,48765045,88.39,88.82,88.39,88.81
1259,55452586,88.26,88.82,88.26,88.68
1260,61176080,88.48,89.13,88.16,88.55
1261,72627492,88.97,89.29,88.29,88.7
1262,75580008,88.18,89.27,87.89,88.94
1263,86228604,87.66,88.28,87.37,87.96
1264,83062203,86.12,87.24,85.75,86.83
1265,96124742,87.99,88.06,86.14,86.69
1266,115581676,86.18,87.39,86.1,87.25
1267,94784970,84.42,85.63,83.97,85.0
1268,101013241,82.14,83.69,81.66,83.59
1269,101702580,82.82,82.91,81.48,82.13
1270,219314368,82.07,82.97,81.43,82.14
1271,141283044,86.77,87.1,85.5,85.85
1272,121993795,84.91,86.56,83.96,86.26
1273,99367450,87.58,87.78,86.24,86.33
1274,109214567,87.33,87.91,86.57,87.76
1275,63174888,86.66,86.91,86.22,86.61
1276,73453037,87.26,87.36,86.16,86.71
1277,75326342,86.45,87.37,86.43,86.7
1278,77904449,86.14,86.74,85.71,86.42
1279,106997163,85.75,86.21,84.67,85.56
1280,117329366,86.59,86.81,85.32,86.35
1281,127989407,88.28,88.55,86.47,86.89
1282,94850224,86.47,87.7,86.3,87.7
1283,104757156,86.73,86.92,85.94,86.55
1284,121095121,85.79,87.76,85.66,87.13
1285,60428165,84.98,85.71,84.86,85.63
1286,100022776,83.53,84.78,83.37,84.65
1287,105360031,82.57,83.43,82.04,83.43
1288,70760543,81.67,82.0,80.8,81.29
1289,50764770,82.14,82.39,81.7,82.07
1290,69187503,81.62,82.07,81.05,81.72
1291,76088656,82.47,82.83,81.48,81.54
1292,71186311,82.72,83.17,82.2,83.16
1293,81626258,83.63,84.03,82.49,82.52
1294,89789644,84.03,84.18,82.97,83.68
1295,90350932,83.34,84.29,83.3,83.92
1296,110102790,81.57,83.98,81.48,83.68
1297,83813380,81.57,82.09,81.36,82.02
1298,86460283,81.61,81.93,81.04,81.65
1299,73443230,82.07,82.64,81.48,81.74
1300,108894961,82.07,82.37,80.96,82.31
1301,147815696,83.96,84.07,81.52,81.6
1302,86872870,81.66,82.94,81.29,82.9
1303,94993164,82.47,82.47,81.5,81.67
1304,100362262,81.11,81.98,80.79,81.64
1305,97053376,80.18,80.92,79.76,80.4
1306,139247129,80.21,81.07,78.36,80.61
1307,130245094,81.31,81.81,80.07,80.14
1308,122977603,82.96,83.07,81.64,82.53
1309,132355209,81.31,82.86,80.94,82.74
1310,95126346,81.56,82.0,80.76,81.75
1311,82116552,80.66,80.84,79.78,80.33
1312,124049506,82.27,82.36,80.18,80.76
1313,146224365,79.64,81.83,79.03,81.51
1314,173696754,81.36,81.98,78.94,79.57
1315,157772790,76.36,80.22,76.29,80.18
1316,183072463,76.28,77.63,74.6,75.77
1317,179304713,77.9,78.21,75.73,75.73
1318,140223874,79.15,79.56,77.29,78.01
1319,119076678,80.21,80.46,78.82,79.02
1320,88156103,80.37,81.07,79.66,79.75
1321,99886332,80.71,82.07,80.62,80.96
1322,83317752,82.08,82.27,81.21,81.5
1323,120175923,80.53,82.0,80.12,81.31
1324,124312720,81.37,81.64,79.82,81.17
1325,115073217,80.21,81.82,80.18,81.35
1326,132497421,82.44,82.62,80.74,80.75
1327,97637057,84.36,84.49,82.9,83.12
1328,106906016,82.89,83.91,82.69,83.71
1329,152749513,83.56,85.25,83.03,83.16
1330,126535038,85.4,85.49,83.29,83.43
1331,101692500,86.44,86.6,85.79,86.14
1332,134016274,87.75,87.81,86.02,86.81
1333,226427670,87.95,88.29,86.57,87.14
1334,269099838,80.37,81.1,79.29,80.04
1335,241629479,81.52,82.38,79.52,81.67
1336,257743808,84.48,84.95,81.49,81.85
1337,208678365,85.75,86.39,83.5,83.92
1338,238632471,87.67,88.61,86.1,86.91
1339,256371472,82.71,87.14,81.7,87.1
1340,262696056,87.15,87.18,82.61,82.88
1341,214911067,89.16,89.24,86.22,86.46
1342,153582163,89.29,90.19,88.64,88.97
1343,174152769,90.89,90.98,89.05,89.46
1344,222422452,91.42,92.0,89.43,89.78
1345,149384046,89.45,91.41,89.33,90.89
1346,160318858,89.57,90.67,89.06,90.53
1347,143245095,89.19,89.41,88.14,89.19
1348,208638360,89.61,90.32,88.93,89.9
1349,149586458,85.98,88.4,85.77,88.38
1350,182759395,86.97,87.22,85.42,85.65
1351,152059432,87.54,88.08,86.75,87.12
1352,163864869,88.34,88.78,87.19,88.23
1353,151782141,86.6,88.04,86.58,87.78
1354,148934219,85.68,86.74,85.04,86.71
1355,107621815,85.78,85.97,84.91,85.15
1356,156032898,85.4,86.36,85.08,85.62
1357,161010374,86.11,87.09,85.92,86.07
1358,204167033,85.64,86.7,83.14,86.57
1359,225308790,85.48,85.97,84.15,85.87
1360,206371879,83.53,84.17,82.57,83.65
1361,289917768,85.66,85.72,82.65,83.65
1362,354709747,82.58,84.96,82.2,84.23
1363,172712659,79.65,81.17,79.39,81.16
1364,101820019,78.43,78.86,78.14,78.86
1365,104724732,77.74,78.25,77.59,77.88
1366,129110723,76.38,77.57,76.02,77.43
1367,199629549,76.69,76.83,74.76,75.81
1368,202559651,74.81,76.24,73.75,75.75
1369,202280183,77.92,78.21,75.14,76.17
1370,107927589,77.75,78.11,77.5,77.88
1371,170813188,78.31,78.32,76.97,77.78
1372,238000378,77.37,78.23,76.53,77.49
1373,150096478,75.42,76.49,75.12,76.49
1374,136895304,74.47,75.5,73.75,75.11
1375,103819905,74.24,74.7,74.09,74.63
1376,142006312,73.58,73.98,72.79,73.77
1377,120823808,73.3,73.64,72.72,73.29
1378,151396399,72.41,73.55,72.02,73.55
1379,133947191,71.87,72.54,71.47,71.73
1380,236137405,70.21,72.13,69.52,71.74
1381,376528040,73.47,75.18,70.98,71.1
1382,115483011,72.09,72.79,71.71,72.78
1383,129301606,71.36,71.98,71.01,71.8
1384,157824975,70.14,71.09,69.79,70.49
1385,221053602,68.68,70.96,68.65,70.45
1386,101969280,67.21,68.11,67.1,68.1
1387,79055263,66.46,67.11,66.37,66.98
1388,62420596,65.48,66.43,65.46,66.28
1389,71717009,65.33,65.71,65.08,65.67
1390,46698547,65.13,65.31,64.85,65.02
1391,67510562,65.49,65.57,65.08,65.17
1392,97977985,65.08,65.46,64.72,65.21
1393,94832073,63.67,64.84,63.63,64.72
1394,74971631,63.48,64.07,63.4,63.9
1395,81057711,64.05,64.11,63.31,63.52
1396,239565837,64.92,64.92,63.39,63.81
1397,136909311,60.73,60.73,59.94,60.06
1398,76515446,60.38,61.21,60.33,61.06
1399,103492249,61.07,61.07,59.96,60.04
1400,65434453,61.45,61.62,60.93,61.11
1401,69197758,60.99,61.35,60.9,61.3
1402,60724055,60.6,60.86,60.42,60.67
1403,56539749,59.96,60.06,59.81,59.97
1404,53180911,60.33,60.41,59.82,60.2
1405,53798059,60.38,60.41,59.9,60.36
1406,64581762,60.84,60.86,60.21,60.46
1407,98505792,60.79,61.11,60.19,60.25
1408,79596412,59.97,60.39,59.89,60.34
1409,67816805,59.28,59.79,58.95,59.72
1410,65061108,58.57,59.24,58.47,59.06
1411,75564699,58.49,58.93,58.43,58.75
1412,44943710,57.64,58.04,57.64,57.86
1413,54039041,57.63,57.95,57.22,57.87
1414,57214227,58.13,58.32,57.33,57.52
1415,66308613,57.59,58.44,57.57,58.08
1416,67401964,57.1,57.66,57.07,57.62
1417,50589112,56.71,57.02,56.59,56.94
1418,65736678,56.67,56.76,56.0,56.64
1419,84350728,55.39,56.59,55.32,56.56
1420,58881914,54.64,54.98,54.35,54.6
1421,105394401,54.34,54.88,54.22,54.43
1422,64112125,54.76,54.82,54.04,54.13
1423,101788680,55.24,55.34,53.95,54.31
1424,84784203,56.14,56.49,55.3,55.54
1425,75266366,55.95,56.27,55.64,55.98
1426,74285785,56.12,56.29,55.86,56.23
1427,94089051,55.92,56.5,55.75,55.81
1428,76249929,55.7,55.85,55.25,55.58
1429,70951013,56.07,56.38,55.63,55.85
1430,89342127,56.21,56.63,55.77,56.14
1431,94818290,55.69,56.23,55.51,55.67
1432,96794838,54.65,55.57,54.39,55.42
1433,101516702,54.47,54.61,54.04,54.6
1434,94007858,53.69,54.12,52.89,53.31
1435,86660854,53.19,53.82,52.9,53.73
1436,63689801,52.63,53.02,51.9,51.94
1437,107160445,53.5,53.69,52.41,52.43
1438,102324341,53.0,53.99,52.99,53.79
1439,112050589,52.91,53.1,52.27,52.72
1440,93018765,54.13,54.28,53.55,53.56
1441,120030148,54.85,54.94,53.64,53.92
1442,87302012,55.61,55.88,54.9,54.97
1443,107744812,54.4,55.64,54.21,55.55
1444,108265507,54.79,55.04,54.03,54.18
1445,163446017,55.23,55.53,54.32,54.95
1446,186245269,56.72,56.74,54.59,55.03
1447,139670930,56.71,57.27,56.32,56.47
1448,100109842,57.46,58.29,57.37,58.03
1449,67565799,57.13,57.14,56.59,57.1
1450,75556992,57.43,57.63,57.02,57.18
1451,110381075,57.01,57.63,56.48,57.58
1452,82063667,57.16,57.21,56.44,56.77
1453,132946877,56.77,57.07,56.17,56.64
1454,96406303,57.49,58.48,57.29,57.83
1455,80709748,57.57,58.05,57.5,57.85
1456,123713317,58.22,58.43,57.41,57.81
1457,114074982,57.39,57.51,56.16,57.23
1458,107650200,57.86,58.08,56.77,56.82
1459,125589044,56.6,58.07,56.49,57.97
1460,155310512,56.87,57.02,55.82,56.12
1461,137382294,57.14,57.19,56.32,56.47
1462,275998093,57.34,58.35,56.83,56.95
1463,220400096,60.25,60.69,59.43,60.32
1464,171510696,60.25,60.96,59.42,60.0
1465,143341730,59.55,60.29,59.32,60.29
1466,106545775,57.85,58.35,57.55,58.35
1467,155570982,58.19,58.46,57.16,57.46
1468,151420465,56.08,57.6,55.93,57.18
1469,110628287,54.16,55.54,54.03,55.54
1470,133904162,53.68,53.96,52.64,52.83
1471,203145054,53.33,54.97,53.11,53.91
1472,196617358,52.55,54.26,51.47,54.04
1473,308418887,53.51,54.54,50.61,53.21
1474,167269011,54.34,54.66,53.31,53.51
1475,137059223,55.3,55.56,54.45,54.47
1476,162841147,57.42,57.46,55.17,55.8
1477,107463181,57.17,57.68,56.64,56.72
1478,158124372,58.39,58.46,56.87,57.04
1479,203218862,57.12,57.71,55.9,57.6
1480,136620610,57.18,58.11,57.12,57.76
1481,242120137,57.29,58.55,56.67,57.4
1482,151493755,59.95,60.23,58.86,58.88
1483,193937289,59.32,60.41,58.74,59.06
1484,205964780,56.71,59.03,56.46,58.8
1485,174622161,56.51,57.22,56.43,57.21
1486,104454581,55.92,56.24,55.7,56.14
1487,133680848,55.29,56.03,55.11,55.61
1488,110184487,54.59,55.17,54.32,54.95
1489,116957988,53.29,54.41,53.13,54.28
1490,141269408,54.85,55.14,53.57,53.93
1491,104039460,54.63,55.52,54.62,54.88
1492,87643794,55.08,55.09,54.57,54.85
1493,127424129,52.48,54.33,52.35,54.25
1494,109791514,53.53,54.0,53.12,53.44
1495,85930705,55.12,55.33,54.39,54.43
1496,130688894,55.8,56.01,54.55,54.98
1497,104480264,55.46,55.98,55.17,55.71
1498,101313149,55.45,55.93,55.43,55.71
1499,160368761,53.02,54.83,52.97,54.8
1500,217825076,52.15,53.64,52.14,53.39
1501,156566907,53.35,54.14,52.94,53.74
1502,164208576,51.47,53.38,51.0,53.37
1503,133826210,52.07,52.13,50.73,50.92
1504,193970546,51.74,52.43,50.86,50.86
1505,212858289,52.98,53.24,51.62,52.29
1506,110514943,54.62,54.93,54.0,54.35
1507,124722122,54.5,54.77,53.72,54.35
1508,115135468,54.23,55.0,54.01,54.77
1509,132243405,54.0,54.23,53.46,53.86
1510,185491110,52.93,53.64,52.1,53.39
1511,219662296,53.02,53.52,51.79,51.96
1512,270645704,51.61,53.52,50.71,53.43
1513,285951204,51.67,52.54,50.43,50.46
1514,301140350,54.35,54.79,51.8,53.37
1515,217851424,55.63,55.9,53.91,53.91
1516,183125796,55.46,56.22,54.61,56.08
1517,250968788,56.81,56.13,54.61,55.46
1518,153207957,56.83,57.07,56.05,56.68
1519,158145890,55.38,56.45,54.86,55.78
1520,148506092,55.95,56.71,55.45,55.97
1521,164830470,57.23,57.52,56.02,56.08
1522,119145026,57.14,57.79,57.1,57.63
1523,147451094,55.76,57.14,55.66,56.93
1524,129181885,55.47,56.44,55.39,56.19
1525,131629036,55.28,55.72,54.84,55.33
1526,235331712,56.59,56.61,55.14,55.27
1527,204786344,54.0,54.09,53.33,53.84
1528,143157623,52.2,53.52,52.18,53.4
1529,121116338,51.6,52.14,51.31,52.13
1530,107633155,51.57,51.66,50.91,51.11
1531,97909518,51.19,51.43,50.91,51.15
1532,112901691,50.5,51.1,49.8,50.54
1533,110713974,50.91,51.4,50.4,50.57
1534,122481639,50.48,51.43,50.31,51.39
1535,99915319,50.67,51.14,50.57,51.03
1536,111156241,49.85,50.59,49.53,50.25
1537,88818618,49.0,49.98,48.93,49.92
1538,108828209,47.99,49.07,47.74,49.04
1539,80807391,47.81,48.02,47.55,47.95
1540,88179070,48.01,48.05,47.41,47.72
1541,73574907,47.66,48.1,47.63,47.89
1542,84989933,46.8,47.7,46.75,47.43
1543,109981312,47.34,47.59,46.44,46.62
1544,139939254,45.56,47.38,45.45,47.32
1545,97645436,46.45,46.99,46.05,46.09
1546,123343514,45.24,46.54,45.03,46.47
1547,160161274,45.34,45.39,44.36,45.05
1548,153872649,47.0,47.04,45.62,45.75
1549,127647338,46.7,46.95,45.48,46.45
1550,99851885,47.11,47.19,46.41,46.68
1551,83641901,47.14,47.61,47.04,47.49
1552,82414108,46.74,46.9,46.44,46.66
1553,108529400,47.22,47.38,46.5,46.56
1554,68841199,47.61,47.67,47.25,47.36
1555,83471577,47.4,47.83,47.24,47.46
1556,132493060,48.31,48.32,47.41,47.43
1557,115484677,49.42,49.58,48.26,48.29
1558,78360765,49.03,49.33,48.86,49.06
1559,84721112,49.5,49.71,49.19,49.44
1560,138670602,49.84,50.3,49.24,49.36
1561,104434134,48.73,49.69,48.71,49.69
1562,50912897,47.83,48.23,47.76,48.2
1563,55673751,48.0,48.13,47.78,47.86
1564,73555433,47.63,48.37,47.55,48.11
1565,80520650,47.93,47.99,47.33,47.46
1566,95627217,47.14,48.0,47.06,47.77
1567,84547708,48.51,48.71,47.86,47.89
1568,65291310,48.87,48.92,48.38,48.65
1569,83693267,48.07,48.72,48.0,48.55
1570,113196657,47.43,48.02,47.25,48.02
1571,112535374,48.46,48.75,47.51,47.61
1572,81547956,49.38,49.46,48.62,48.64
1573,80239593,49.45,49.59,48.9,49.51
1574,84018683,49.86,50.0,49.32,49.6
1575,70521969,49.84,49.96,49.52,49.92
1576,51188151,49.69,49.89,49.5,49.66
1577,70061285,49.96,50.0,49.46,49.52
1578,84065352,49.77,50.14,49.44,49.54
1579,97312229,49.75,50.26,49.55,49.94
1580,78390249,49.71,49.98,49.37,49.74
1581,110678246,49.96,50.07,49.36,49.47
1582,251585929,49.54,50.56,49.52,50.02
1583,90297123,49.46,49.96,49.36,49.54
1584,89052887,50.32,50.34,49.59,50.02
1585,84400645,50.52,50.71,49.91,50.06
1586,66636290,50.05,50.54,50.04,50.43
1587,188449618,50.71,50.73,49.79,50.1
1588,175163842,49.07,49.39,48.79,48.92
1589,104844243,47.59,48.28,47.39,48.27
1590,152474427,46.59,47.46,45.74,47.41
1591,113458247,47.61,47.66,46.69,46.78
1592,75497401,47.83,48.0,47.44,47.49
1593,86608963,47.86,48.02,47.5,48.02
1594,106627080,47.21,47.68,47.17,47.49
1595,99787618,47.72,47.95,47.15,47.26
1596,94383317,48.56,48.59,47.71,47.87
1597,93361520,48.3,48.63,48.0,48.3
1598,100634681,48.75,49.13,48.16,48.29
1599,120740809,48.14,48.89,48.0,48.41
1600,115020542,49.19,49.23,48.34,48.74
1601,104665400,50.16,50.23,49.04,49.22
1602,68592006,49.48,49.97,49.44,49.79
1603,82351269,50.09,50.13,49.63,49.8
1604,88224955,49.67,50.14,49.44,50.14
1605,77337407,50.45,50.62,50.06,50.06
1606,112292796,49.72,50.29,49.57,50.22
1607,101177720,48.84,49.43,48.41,49.28
1608,93248498,48.47,48.6,47.99,48.46
1609,81558162,48.94,48.95,48.45,48.74
1610,102347560,48.0,48.53,47.89,48.47
1611,188302604,48.16,48.31,47.14,47.24
1612,164854977,48.12,48.52,47.24,47.81
1613,289187626,48.86,49.0,46.61,47.14
1614,180262334,48.87,49.69,48.59,49.35
1615,109113690,50.45,50.93,50.19,50.51
1616,117770016,49.33,50.33,49.29,50.28
1617,126972055,49.87,49.97,49.27,49.52
1618,113349033,50.67,50.68,50.09,50.35
1619,89078955,50.7,51.06,50.32,50.82
1620,136530149,51.63,51.67,50.19,50.77
1621,113316483,51.44,51.47,51.11,51.43
1622,125196764,51.03,51.4,50.85,51.37
1623,150647189,49.99,50.62,49.77,50.3
1624,114032163,50.78,50.82,49.67,49.9
1625,100768479,50.18,50.72,50.16,50.46
1626,95004483,49.32,49.78,49.26,49.74
1627,124974514,49.15,49.31,48.34,48.98
1628,167962942,48.4,49.23,48.37,48.95
1629,218135561,48.88,49.34,48.25,48.37
1630,204011724,51.24,51.36,49.93,50.08
1631,132643504,51.04,51.47,50.93,51.19
1632,120288833,51.54,52.13,51.5,51.88
1633,71043441,51.31,51.42,51.08,51.41
1634,77603491,50.97,51.35,50.96,51.31
1635,91892948,50.68,51.11,50.51,50.98
1636,232137360,51.06,51.43,49.71,50.65
1637,120686090,50.74,51.29,50.7,51.17
1638,95259906,50.53,50.79,50.31,50.74
1639,121254910,49.7,50.46,49.66,50.27
1640,80459575,49.09,49.53,49.07,49.5
1641,98449148,49.11,49.18,48.36,49.06
1642,64738807,49.21,49.32,49.08,49.19
1643,106657943,48.76,49.38,48.71,49.29
1644,94311602,47.97,48.58,47.76,48.47
1645,148014146,49.17,49.2,47.65,48.01
1646,71255961,49.11,49.24,48.98,49.03
1647,126716779,48.99,49.37,48.79,49.12
1648,136716650,48.05,48.78,47.8,48.77
1649,143670548,46.7,48.21,46.67,48.21
1650,188599712,47.68,47.84,46.66,46.67
1651,191197293,48.06,48.33,47.16,47.53
1652,283902199,49.76,49.8,48.13,48.41
1653,470246700,47.07,49.25,46.57,48.66
1654,77209748,49.41,49.78,49.21,49.78
1655,74536182,49.31,49.52,49.12,49.38
1656,75644310,49.04,49.2,48.86,49.2
1657,111019993,49.27,49.28,48.5,48.81
1658,112139482,48.4,49.03,48.17,48.92
1659,77982212,47.71,48.05,47.41,48.02
1660,75106626,47.82,47.89,47.56,47.68
1661,63879193,47.08,47.76,47.07,47.71
1662,77337001,47.49,47.5,46.88,47.33
1663,111280407,46.52,47.18,46.41,47.08
